time,vpsat,mfvpd,gmin,gmin_mean
60,2.72551973514604,0.0143448407112949,0,8.77047825949933
120,2.54881165752038,0.0134147981974757,5.45203198469829,8.77047825949933
179,2.45671065437173,0.0129300560756407,11.5045958005716,8.77047825949933
240,2.3529468855806,0.0121259324147246,11.8653022742249,8.77047825949933
300,2.26707750089944,0.01168340378753,6.25998297850259,8.77047825949933
