time,vpsat,mfvpd,gmin,gmin_mean
60,2.72551973514604,0.0143448407112949,0,5.9108709340594
120,2.54881165752038,0.0134147981974757,5.50947676614628,5.9108709340594
179,2.45671065437173,0.0129300560756407,5.81290640306656,5.9108709340594
240,2.3529468855806,0.0121259324147246,5.99515991346133,5.9108709340594
300,2.26707750089944,0.01168340378753,6.32594065356343,5.9108709340594
