time,vpsat,mfvpd,gmin,gmin_mean
0,2.10352535529141,0.00830338956036084,0,2.87850161532819
20,2.14341341635067,0.0086958658338788,4.87987466546067,2.87850161532819
40,2.1976265174587,0.00891580933618113,3.56962002356755,2.87850161532819
60,2.23907007378393,0.00932945864076637,3.41135029997071,2.87850161532819
80,2.32401308085321,0.00917373584547318,3.46925746160953,2.87850161532819
100,2.41176080808657,0.0100490033670274,2.11139024573454,2.87850161532819
140,2.58017511762451,0.0115145972902761,2.30331195629535,2.87850161532819
160,3.60661162595544,0.0249140934687711,1.70324220025025,2.87850161532819
180,3.16739222244424,0.0201435031690533,1.57996606973694,2.87850161532819
