time,vpsat,mfvpd,gmin,gmin_mean
60,2.72551973514604,0.0143448407112949,0,9.2103720226239
120,2.54881165752038,0.0134147981974757,8.58491603560704,9.2103720226239
179,2.45671065437173,0.0129300560756407,9.05772281313655,9.2103720226239
240,2.3529468855806,0.0121259324147246,9.34171186515467,9.2103720226239
300,2.26707750089944,0.01168340378753,9.85713737659734,9.2103720226239
