time,vpsat,mfvpd,gmin,gmin_mean
60,2.72551973514604,0.0143448407112949,0,7.22863253286901
120,2.54881165752038,0.0134147981974757,7.38053089459801,7.22863253286901
179,2.45671065437173,0.0129300560756407,10.3826762785315,7.22863253286901
240,2.3529468855806,0.0121259324147246,2.67705173210162,7.22863253286901
300,2.26707750089944,0.01168340378753,8.47427122624495,7.22863253286901
