time,vpsat,mfvpd,gmin,gmin_mean
0,2.80931473092617,0.0154019447967443,0,3.59715306522657
60,2.72551973514604,0.0143448407112949,3.10923226100875,3.59715306522657
120,2.54881165752038,0.0134147981974757,3.32479407159348,3.59715306522657
180,2.45671065437173,0.0129300560756407,3.44943914068679,3.59715306522657
240,2.3529468855806,0.0121259324147246,3.67818655037448,3.59715306522657
300,2.26707750089944,0.01168340378753,3.81750407070534,3.59715306522657
420,2.10352535529141,0.0106098866604611,4.2037622969906,3.59715306522657
