time,vpsat,mfvpd,gmin,gmin_mean
-179,2.80931473092617,0.0154019447967443,0,6.00360799717883
-119,2.72551973514604,0.0143448407112949,8.19340717676333,6.00360799717883
-59,2.54881165752038,0.0134147981974757,4.38072638526787,6.00360799717883
0,2.45671065437173,0.0129300560756407,9.24398215506702,6.00360799717883
240,2.3529468855806,0.0121259324147246,3.63476546009969,6.00360799717883
300,2.26707750089944,0.01168340378753,5.02991777785242,6.00360799717883
420,2.10352535529141,0.0106098866604611,5.53884902802266,6.00360799717883
