time,vpsat,mfvpd,gmin,gmin_mean
20,3.26289290661256,0.0196775339762819,0,4.19514652366355
40,3.14858716098154,0.0193334299358516,6.14531407224336,4.19514652366355
60,3.0927544714655,0.0189905976318057,5.21354485313544,4.19514652366355
80,3.05601387718826,0.0184299082505871,4.29772438126436,4.19514652366355
100,3.00161642095431,0.0177727288082821,3.34248050288582,4.19514652366355
120,2.89534897128157,0.0174609861206674,4.53620806325835,4.19514652366355
140,2.84345693328992,0.0171480407161124,3.46424413775404,4.19514652366355
160,2.82634084971103,0.0167349129259206,2.36650965510346,4.19514652366355
