time,vpsat,mfvpd,gmin,gmin_mean
0,2.80931473092617,0.0154019447967443,0,4.6579901218877
60,2.72551973514604,0.0143448407112949,4.02617650564756,4.6579901218877
120,2.54881165752038,0.0134147981974757,4.3053096885155,4.6579901218877
180,2.45671065437173,0.0129300560756407,4.46671385732645,4.6579901218877
240,2.3529468855806,0.0121259324147246,4.7629212066975,4.6579901218877
300,2.26707750089944,0.01168340378753,4.94332488197622,4.6579901218877
420,2.10352535529141,0.0106098866604611,5.44349459116298,4.6579901218877
