time,vpsat,mfvpd,gmin,gmin_mean
20,3.26289290661256,0.0196775339762819,0,3.59667046393985
40,3.14858716098154,0.0193334299358516,4.95268676349708,3.59667046393985
60,3.0927544714655,0.0189905976318057,2.52104816269503,3.59667046393985
80,3.05601387718826,0.0184299082505871,3.89661825364378,3.59667046393985
100,3.00161642095431,0.0177727288082821,4.04070290369548,3.59667046393985
120,2.89534897128157,0.0174609861206674,4.11284428072571,3.59667046393985
140,2.84345693328992,0.0171480407161124,2.79193477906547,3.59667046393985
160,2.82634084971103,0.0167349129259206,2.8608581042564,3.59667046393985
