time,vpsat,mfvpd,gmin,gmin_mean
60,2.72551973514604,0.0143448407112949,0,6.88590288789339
120,2.54881165752038,0.0134147981974757,10.4106674096954,6.88590288789339
179,2.45671065437173,0.0129300560756407,5.49201292742217,6.88590288789339
240,2.3529468855806,0.0121259324147246,5.66420538430193,6.88590288789339
300,2.26707750089944,0.01168340378753,5.97672583015405,6.88590288789339
