time,vpsat,mfvpd,gmin,gmin_mean
0,3.32138908682563,0.0203944943927889,0,5.49548529797956
20,3.26289290661256,0.0196775339762819,7.10800270043832,5.49548529797956
40,3.14858716098154,0.0193334299358516,7.23451374667927,5.49548529797956
60,3.0927544714655,0.0189905976318057,7.3651165357285,5.49548529797956
80,3.05601387718826,0.0184299082505871,7.5891839904804,5.49548529797956
120,2.89534897128157,0.0174609861206674,3.00386738630042,5.49548529797956
140,2.84345693328992,0.0171480407161124,4.07824914102162,5.49548529797956
160,2.82634084971103,0.0167349129259206,2.08946358520841,5.49548529797956
