time,vpsat,mfvpd,gmin,gmin_mean
20,3.26289290661256,0.0196775339762819,0,4.77602301576051
40,3.14858716098154,0.0193334299358516,6.2686493459446,4.77602301576051
60,3.0927544714655,0.0189905976318057,6.38181563697941,4.77602301576051
80,3.05601387718826,0.0184299082505871,3.28798416341495,4.77602301576051
100,3.00161642095431,0.0177727288082821,5.68260574152633,4.77602301576051
120,2.89534897128157,0.0174609861206674,4.62724888826266,4.77602301576051
140,2.84345693328992,0.0171480407161124,2.35584723504041,4.77602301576051
160,2.82634084971103,0.0167349129259206,4.82801009915522,4.77602301576051
